1,ACGCACTCGT
2,ACGCTCGACA
3,AGACGCACTC
4,AGCACTGTAG
6,ATATCGCGAG
7,CGTGTCTCTA
8,CTCGCGTGTC
10,TCTCTATGCG
11,TGATACGTCT
13,CATAGTAGTG
14,CGAGAGATAC
15,ATACGACGTA
16,TCACGTACTA
17,CGTCTAGTAC
18,TCTACGTAGC
19,TGTACTACTC
21,CGTAGACTAG
22,TACGAGTATG
24,TAGAGACGAG
25,TCGTCGCTCG
1_R,ACGAGTGCGT
2_R,TGTCGAGCGT
3_R,GAGTGCGTCT
4_R,CTACAGTGCT
6_R,CTCGCGATAT
7_R,TAGAGACACG
8_R,GACACGCGAG
10_R,CGCATAGAGA
11_R,AGACGTATCA
13_R,CACTACTATG
14_R,GTATCTCTCG
15_R,TACGTCGTAT
16_R,TAGTACGTGA
17_R,GTACTAGACG
18_R,GCTACGTAGA
19_R,GAGTAGTACA
21_R,CTAGTCTACG
22_R,CATACTCGTA
24_R,CTCGTCTCTA
25_R,CGAGCGACGA
20,ACGACTACAG
23,TACTCTCGTG
20_R,CTGTAGTCGT
23_R,CACGAGAGTA
